id,path,title,test_functions,assertions,plaintext_files,encrypted_solution_files,environment,selected_review,execution,lesson
getting-started-terraform-overview,getting-started/terraform-overview,Prove that Terraform has a memory,8,27,14,2,local_native_provider_or_module_registry,True,not_executed,"Separate declared, managed and observed objects; compare identity before and after drift repair."
getting-started-declarative-vs-imperative,getting-started/declarative-vs-imperative,Prove idempotence where the imperative script diverges,8,28,14,2,local_native_provider_or_module_registry,False,not_executed,Supporting curriculum; test topics and actual assertion expressions are recorded for targeted reuse.
getting-started-terraform-vs-opentofu,getting-started/terraform-vs-opentofu,"Prove Terraform / OpenTofu compatibility, and where it stops",8,27,11,1,inspect_fixture_completion_before_classifying_provider_free,True,not_executed,Qualify each CLI/provider address/lock-file combination; compatibility has an explicit boundary.
getting-started-install-terraform,getting-started/install-terraform,Pin the CLI version and lock the providers,4,17,11,3,inspect_fixture_completion_before_classifying_provider_free,False,not_executed,Supporting curriculum; test topics and actual assertion expressions are recorded for targeted reuse.
getting-started-cli-terraform,getting-started/cli-terraform,"Make fmt, validate and the outputs agree",5,13,12,3,local_native_provider_or_module_registry,False,not_executed,Supporting curriculum; test topics and actual assertion expressions are recorded for targeted reuse.
getting-started-terraform-workflow,getting-started/terraform-workflow,Read a plan before applying it,8,26,13,1,local_native_provider_or_module_registry,True,not_executed,Reopen the saved native plan and derive action classification independently; detect consumed or stale plans.
getting-started-providers-resources-data-sources,getting-started/providers-resources-data-sources,"What Terraform manages, and what it merely reads",7,22,14,3,inspect_fixture_completion_before_classifying_provider_free,False,not_executed,Supporting curriculum; test topics and actual assertion expressions are recorded for targeted reuse.
getting-started-terraform-project-structure,getting-started/terraform-project-structure,Split a monolith without moving the plan,6,21,12,9,local_native_provider_or_module_registry,False,not_executed,Supporting curriculum; test topics and actual assertion expressions are recorded for targeted reuse.
first-infra-first-infrastructure,first-infra/first-infrastructure,"First infrastructure: the full cycle, proven",6,27,12,2,local_libvirt_host_mutations,False,not_executed,Supporting curriculum; test topics and actual assertion expressions are recorded for targeted reuse.
first-infra-variables-outputs,first-infra/variables-outputs,"Variables, locals and the real precedence order",8,20,16,5,local_native_provider_or_module_registry,False,not_executed,Supporting curriculum; test topics and actual assertion expressions are recorded for targeted reuse.
first-infra-virtual-network,first-infra/virtual-network,The dependency Terraform cannot guess,6,18,14,2,local_libvirt_host_mutations,False,not_executed,Supporting curriculum; test topics and actual assertion expressions are recorded for targeted reuse.
first-infra-vm-libvirt,first-infra/vm-libvirt,Update in place or replacement: read it in the plan,7,16,14,3,local_libvirt_host_mutations,False,not_executed,Supporting curriculum; test topics and actual assertion expressions are recorded for targeted reuse.
first-infra-ansible,first-infra/ansible,Produce an Ansible inventory from the state,7,19,14,3,local_native_provider_or_module_registry,False,not_executed,Supporting curriculum; test topics and actual assertion expressions are recorded for targeted reuse.
first-infra-debug-apply,first-infra/debug-apply,"Resume after a failed apply, without redoing the work",5,11,13,1,local_native_provider_or_module_registry,True,not_executed,Recover partial execution by retaining previously successful identities and checking the real effect of the repaired step.
first-infra-clean-destroy,first-infra/clean-destroy,"Destroying cleanly, and the four things it covers",5,15,12,1,local_native_provider_or_module_registry,False,not_executed,Supporting curriculum; test topics and actual assertion expressions are recorded for targeted reuse.
write-code-providers,write-code/providers,Explicit source and provider alias,5,8,12,2,inspect_fixture_completion_before_classifying_provider_free,False,not_executed,Supporting curriculum; test topics and actual assertion expressions are recorded for targeted reuse.
write-code-declare-resources,write-code/declare-resources,Read a resource's lifecycle in the plan,7,11,14,2,local_native_provider_or_module_registry,False,not_executed,Supporting curriculum; test topics and actual assertion expressions are recorded for targeted reuse.
write-code-variables,write-code/variables,"Variables typing, validation and precedence",8,16,15,1,local_native_provider_or_module_registry,False,not_executed,Supporting curriculum; test topics and actual assertion expressions are recorded for targeted reuse.
write-code-outputs,write-code/outputs,The secret the output does not hide,8,12,14,1,local_native_provider_or_module_registry,False,not_executed,Supporting curriculum; test topics and actual assertion expressions are recorded for targeted reuse.
write-code-locals,write-code/locals,The local that is not resolved at plan time,9,16,15,1,local_native_provider_or_module_registry,False,not_executed,Supporting curriculum; test topics and actual assertion expressions are recorded for targeted reuse.
write-code-data-sources,write-code/data-sources,When exactly does Terraform read a data source?,9,19,14,1,local_native_provider_or_module_registry,False,not_executed,Supporting curriculum; test topics and actual assertion expressions are recorded for targeted reuse.
write-code-expressions,write-code/expressions,What expressions really compute,6,8,14,2,local_native_provider_or_module_registry,False,not_executed,Supporting curriculum; test topics and actual assertion expressions are recorded for targeted reuse.
write-code-functions,write-code/functions,Compose values with HCL functions,10,16,16,3,local_native_provider_or_module_registry,False,not_executed,Supporting curriculum; test topics and actual assertion expressions are recorded for targeted reuse.
write-code-provider-defined-functions,write-code/provider-defined-functions,Provider-defined functions,6,16,15,3,local_native_provider_or_module_registry,False,not_executed,Supporting curriculum; test topics and actual assertion expressions are recorded for targeted reuse.
write-code-conditionals,write-code/conditionals,The configuration that refuses absurd values,10,20,14,2,local_native_provider_or_module_registry,False,not_executed,Supporting curriculum; test topics and actual assertion expressions are recorded for targeted reuse.
write-code-validation-check-preconditions,write-code/validation-check-preconditions,"Custom conditions: precondition, postcondition and check blocks",5,12,15,4,local_native_provider_or_module_registry,True,not_executed,Distinguish blocking preconditions from warning-only checks and deferred unknown values.
write-code-count,write-code/count,"count indexes by position, and the position lies",8,20,17,4,local_native_provider_or_module_registry,True,not_executed,Positional keys can readdress objects; require stable identity keys and declarative moves.
write-code-for-each,write-code/for-each,Add an instance without destroying the others,7,15,16,3,local_native_provider_or_module_registry,True,not_executed,Compare original resource identities after adding an instance or changing addressing.
write-code-for-loops,write-code/for-loops,Transform a catalog with for expressions,9,16,15,2,local_native_provider_or_module_registry,False,not_executed,Supporting curriculum; test topics and actual assertion expressions are recorded for targeted reuse.
write-code-dynamic-blocks,write-code/dynamic-blocks,"Generate blocks, and know when not to",8,12,14,1,local_native_provider_or_module_registry,False,not_executed,Supporting curriculum; test topics and actual assertion expressions are recorded for targeted reuse.
write-code-depends-on,write-code/depends-on,depends_on belongs only where a reference cannot go,8,11,15,3,local_native_provider_or_module_registry,True,not_executed,Separate implicit value references from explicit ordering requirements and avoid duplicate dependencies.
write-code-lifecycle,write-code/lifecycle,"The lifecycle block decides the order, not you",10,16,14,1,local_native_provider_or_module_registry,True,not_executed,Inspect ordered replacement actions and action_reason; prevent_destroy is not protection after removing configuration.
write-code-tfvars-files,write-code/tfvars-files,The typo that breaks nothing,4,11,14,2,local_native_provider_or_module_registry,False,not_executed,Supporting curriculum; test topics and actual assertion expressions are recorded for targeted reuse.
write-code-version-constraints,write-code/version-constraints,Version constraints and the lock file,4,7,12,1,local_native_provider_or_module_registry,False,not_executed,Supporting curriculum; test topics and actual assertion expressions are recorded for targeted reuse.
write-code-style-guide,write-code/style-guide,The config that works but no CI accepts,10,15,12,2,local_native_provider_or_module_registry,False,not_executed,Supporting curriculum; test topics and actual assertion expressions are recorded for targeted reuse.
write-code-sensitive-data-sensitive-values,write-code/sensitive-data/sensitive-values,When sensitivity breaks for_each,4,6,14,2,local_native_provider_or_module_registry,False,not_executed,Supporting curriculum; test topics and actual assertion expressions are recorded for targeted reuse.
write-code-sensitive-data-ephemeral-values,write-code/sensitive-data/ephemeral-values,The value that never touches the state,4,7,14,2,local_native_provider_or_module_registry,False,not_executed,Supporting curriculum; test topics and actual assertion expressions are recorded for targeted reuse.
write-code-sensitive-data-write-only-arguments,write-code/sensitive-data/write-only-arguments,Write-only arguments: a secret that never lands in the state,4,7,16,1,docker_service_and_native_provider,False,not_executed,Supporting curriculum; test topics and actual assertion expressions are recorded for targeted reuse.
write-code-sensitive-data-vault-secrets,write-code/sensitive-data/vault-secrets,Read secrets from Vault,4,14,14,1,docker_service_and_native_provider,False,not_executed,Supporting curriculum; test topics and actual assertion expressions are recorded for targeted reuse.
state-understand-state,state/understand-state,"Take over a secret already in service, without regenerating it",5,15,14,1,local_native_provider_or_module_registry,True,not_executed,"Import existing values, detect refresh-dependent drift, and reject unrelated lineage or older serial."
state-backends,state/backends,Migrate the state without breaking its lineage,4,8,14,3,local_native_provider_or_module_registry,True,not_executed,Resolve effective backend metadata after init and prove migration preserves state lineage.
state-state-locking,state/state-locking,"State locking, what it really blocks",9,27,12,2,provider_free_native_cli_candidate,True,not_executed,Measure actual concurrent lock contention and abandoned-process behavior; a lock-info file alone is not proof.
state-terraform-state-list,state/terraform-state-list,"terraform state list, the address is the identity",14,25,16,1,local_native_provider_or_module_registry,False,not_executed,Supporting curriculum; test topics and actual assertion expressions are recorded for targeted reuse.
state-terraform-state-show,state/terraform-state-show,"terraform state show, ce que la fiche cache",12,27,13,1,local_native_provider_or_module_registry,False,not_executed,Supporting curriculum; test topics and actual assertion expressions are recorded for targeted reuse.
state-terraform-state-mv,state/terraform-state-mv,"terraform state mv and the moved block, refactor without destroying",5,15,15,2,local_native_provider_or_module_registry,True,not_executed,Replay a move from old state in a disposable copy and assert previous_address plus no-op.
state-terraform-state-rm,state/terraform-state-rm,"terraform state rm and the removed block, stop managing without destroying",6,9,12,6,local_native_provider_or_module_registry,True,not_executed,Distinguish forget from delete and verify the real object survives; remaining configuration can recreate it.
state-removed-block,state/removed-block,The removed block: bequeath an infrastructure without destroying it,7,11,12,9,local_native_provider_or_module_registry,True,not_executed,"Test removal semantics per CLI version, including keyed-instance limitations and explicit destroy=false."
state-backup-restore-state,state/backup-restore-state,"Restore an amputated state: pick the right backup, prove nothing was recreated",4,12,19,2,local_native_provider_or_module_registry,True,not_executed,"Record pre-write state and compare lineage, serial, inventory and artifact identity when restoring."
state-diagnose-state,state/diagnose-state,"Diagnose a drift and adopt an orphan resource, without losing its value",6,10,13,4,local_native_provider_or_module_registry,True,not_executed,A later no-change plan does not prove safe adoption; compare original values and both refresh-only and ordinary plans.
modules-create-modules,modules/create-modules,A reusable module configures no provider of its own,8,14,18,13,local_native_provider_or_module_registry,False,not_executed,Supporting curriculum; test topics and actual assertion expressions are recorded for targeted reuse.
modules-module-structure,modules/module-structure,Refactor a monolith into the standard module structure,7,14,11,17,local_native_provider_or_module_registry,False,not_executed,Supporting curriculum; test topics and actual assertion expressions are recorded for targeted reuse.
modules-module-variables-outputs,modules/module-variables-outputs,"A module interface is a contract, not just types",8,14,16,6,local_native_provider_or_module_registry,False,not_executed,Supporting curriculum; test topics and actual assertion expressions are recorded for targeted reuse.
modules-module-local,modules/module-local,"A local module is read in place, not installed",8,19,17,7,local_native_provider_or_module_registry,False,not_executed,Supporting curriculum; test topics and actual assertion expressions are recorded for targeted reuse.
modules-module-registry,modules/module-registry,"A registry module is downloaded, versioned, and never locked",11,35,15,6,local_native_provider_or_module_registry,False,not_executed,Supporting curriculum; test topics and actual assertion expressions are recorded for targeted reuse.
modules-version-modules,modules/version-modules,Publish and consume module versions with Git tags,9,18,21,22,inspect_fixture_completion_before_classifying_provider_free,False,not_executed,Supporting curriculum; test topics and actual assertion expressions are recorded for targeted reuse.
modules-test-module,modules/test-module,"Prove a module with terraform test, mutations included",5,10,15,1,provider_free_native_cli_candidate,True,not_executed,Require real native test runs plus baseline-pass / mutant-fail controls; exit zero with zero tests is insufficient.
modules-module-best-practices,modules/module-best-practices,"Make a module composable, and prove it from the plan JSON",9,14,14,6,local_native_provider_or_module_registry,False,not_executed,Supporting curriculum; test topics and actual assertion expressions are recorded for targeted reuse.
modules-module-anti-patterns,modules/module-anti-patterns,Refactor a copy-pasted project without destroying anything,8,15,16,6,local_native_provider_or_module_registry,False,not_executed,Supporting curriculum; test topics and actual assertion expressions are recorded for targeted reuse.
environments-organize-terraform-repo,environments/organize-terraform-repo,"Split a monolithic configuration, and prove the plan did not move",8,13,12,6,local_native_provider_or_module_registry,False,not_executed,Supporting curriculum; test topics and actual assertion expressions are recorded for targeted reuse.
environments-separate-environments,environments/separate-environments,"Two roots, two states, one shared module",6,18,14,12,local_native_provider_or_module_registry,False,not_executed,Supporting curriculum; test topics and actual assertion expressions are recorded for targeted reuse.
environments-per-environment-variables,environments/per-environment-variables,"Which value wins, and how to prove it",12,28,20,9,local_native_provider_or_module_registry,False,not_executed,Supporting curriculum; test topics and actual assertion expressions are recorded for targeted reuse.
environments-workspace,environments/workspace,"One directory, three states that never see each other",8,14,18,2,local_native_provider_or_module_registry,True,not_executed,Resolve selected workspace explicitly and test independent state inventories; workspace selection is process context.
environments-when-to-use-workspaces,environments/when-to-use-workspaces,"Workspaces or separate configurations, and what the split costs",9,19,15,11,local_native_provider_or_module_registry,False,not_executed,Supporting curriculum; test topics and actual assertion expressions are recorded for targeted reuse.
environments-monorepo-vs-repo-per-stack,environments/monorepo-vs-repo-per-stack,Split a monorepo into two stacks that talk to each other,7,14,16,8,local_native_provider_or_module_registry,False,not_executed,Supporting curriculum; test topics and actual assertion expressions are recorded for targeted reuse.
environments-terraform-in-automation,environments/terraform-in-automation,Run Terraform in automation (CI/CD),10,36,14,12,local_native_provider_or_module_registry,True,not_executed,Record plan 0/1/2 and fmt 3 distinctly; saved plans and JSON may contain secrets.
aws-provider-aws-first-ec2,aws/provider-aws-first-ec2,"AWS provider: authentication, endpoints and default tags",11,29,16,3,docker_service_and_native_provider,False,not_executed,Supporting curriculum; test topics and actual assertion expressions are recorded for targeted reuse.
aws-sg-subnet-instance,aws/sg-subnet-instance,"Security group: dedicated rules, for_each and a deterministic subnet",12,35,16,2,docker_service_and_native_provider,False,not_executed,Supporting curriculum; test topics and actual assertion expressions are recorded for targeted reuse.
aws-iam-role-policy-instance-profile,aws/iam-role-policy-instance-profile,"Compose the IAM chain, and name its two policies correctly",7,22,14,2,docker_service_and_native_provider,False,not_executed,Supporting curriculum; test topics and actual assertion expressions are recorded for targeted reuse.
aws-backend-s3-remote-state,aws/backend-s3-remote-state,"A remote state, locked, and read by another stack",9,28,15,5,docker_service_and_native_provider,True,not_executed,"Exercise real backend contention and cross-stack output flow in an emulator, without claiming Azure equivalence."
aws-launch-template-autoscaling,aws/launch-template-autoscaling,"Read a replacement in the plan, before it happens",8,14,14,1,local_native_provider_or_module_registry,False,not_executed,Supporting curriculum; test topics and actual assertion expressions are recorded for targeted reuse.
aws-import-moved-drift,aws/import-moved-drift,"Import, moved and drift: the three traps a tutorial never shows",6,15,12,1,docker_service_and_native_provider,True,not_executed,"Compare imported state IDs to independent emulator inventory, retain moves, and prove both kinds of no-change."
hcp-terraform-hcp-terraform-overview,hcp-terraform/hcp-terraform-overview,"The run workflow: played in two steps, then qualified",8,23,18,1,local_native_provider_or_module_registry,False,not_executed,Supporting curriculum; test topics and actual assertion expressions are recorded for targeted reuse.
hcp-terraform-hcp-workspaces,hcp-terraform/hcp-workspaces,"Workspaces: one word, two meanings, two attachment strategies",4,13,15,1,inspect_fixture_completion_before_classifying_provider_free,False,not_executed,Supporting curriculum; test topics and actual assertion expressions are recorded for targeted reuse.
hcp-terraform-remote-runs,hcp-terraform/remote-runs,"The stream a run sends back, and the three ways to start one",8,24,16,1,local_native_provider_or_module_registry,False,not_executed,Supporting curriculum; test topics and actual assertion expressions are recorded for targeted reuse.
hcp-terraform-variable-sets,hcp-terraform/variable-sets,"Fifteen precedence levels, and one inversion",8,22,17,3,local_native_provider_or_module_registry,False,not_executed,Supporting curriculum; test topics and actual assertion expressions are recorded for targeted reuse.
hcp-terraform-shared-credentials,hcp-terraform/shared-credentials,"Credentials: neither in the code, nor in the state",4,11,17,1,docker_service_and_native_provider,False,not_executed,Supporting curriculum; test topics and actual assertion expressions are recorded for targeted reuse.
hcp-terraform-projects-teams,hcp-terraform/projects-teams,"Permissions add up, they do not override",4,9,17,1,inspect_fixture_completion_before_classifying_provider_free,False,not_executed,Supporting curriculum; test topics and actual assertion expressions are recorded for targeted reuse.
hcp-terraform-policy-as-code,hcp-terraform/policy-as-code,"Policy as code: what blocks a run, and who can override it",7,20,18,3,inspect_fixture_completion_before_classifying_provider_free,False,not_executed,Supporting curriculum; test topics and actual assertion expressions are recorded for targeted reuse.
hcp-terraform-premier-run-distant,hcp-terraform/premier-run-distant,"The first remote run, for real (optional, needs an account)",7,18,16,1,real_hcp_account_and_remote_mutations,False,not_executed,Supporting curriculum; test topics and actual assertion expressions are recorded for targeted reuse.
certifications-associate-essential-commands,certifications/associate/essential-commands,"The commands the exam expects, done rather than recited",8,23,17,1,local_native_provider_or_module_registry,False,not_executed,Supporting curriculum; test topics and actual assertion expressions are recorded for targeted reuse.
certifications-associate-mock-004,certifications/associate/mock-004,Associate 004: mock exam,10,24,19,1,local_native_provider_or_module_registry,False,not_executed,Supporting curriculum; test topics and actual assertion expressions are recorded for targeted reuse.
certifications-professional-capstone1-resource-lifecycle,certifications/professional/capstone1-resource-lifecycle,"Pro · Objective 1: resource lifecycle, import and drift reconciliation",5,13,12,1,docker_service_and_native_provider,True,not_executed,Test existing-object adoption and provider-side cleanup against an independent API inventory.
certifications-professional-capstone2-dynamic-config,certifications/professional/capstone2-dynamic-config,Pro · Objective 2: dynamic configuration and troubleshooting,9,26,14,2,local_native_provider_or_module_registry,False,not_executed,Supporting curriculum; test topics and actual assertion expressions are recorded for targeted reuse.
certifications-professional-capstone3-collaborative-workflows,certifications/professional/capstone3-collaborative-workflows,Pro · Objective 3: collaborative workflows,8,22,15,1,docker_service_and_native_provider,True,not_executed,Qualify two independent states and upstream-to-downstream value propagation through a real plan/apply cycle.
certifications-professional-capstone4-modules,certifications/professional/capstone4-modules,"Pro · Objective 4: create, maintain and use modules",6,22,19,1,local_native_provider_or_module_registry,False,not_executed,Supporting curriculum; test topics and actual assertion expressions are recorded for targeted reuse.
certifications-professional-capstone5-providers,certifications/professional/capstone5-providers,Pro · Objective 5: configure and use providers,6,20,12,1,docker_service_and_native_provider,False,not_executed,Supporting curriculum; test topics and actual assertion expressions are recorded for targeted reuse.
certifications-professional-capstone6-hcp,certifications/professional/capstone6-hcp,"Pro · Objective 6: HCP Terraform, where the sub-objectives cross",8,20,20,1,local_native_provider_or_module_registry,False,not_executed,Supporting curriculum; test topics and actual assertion expressions are recorded for targeted reuse.
certifications-professional-mock-pro,certifications/professional/mock-pro,Pro · Integrative mock exam: the six objectives in one sitting,16,39,28,1,local_native_provider_or_module_registry,False,not_executed,Supporting curriculum; test topics and actual assertion expressions are recorded for targeted reuse.
