requirement_id,requirement,stage,source_ids,contract_or_artifacts,implementation_task,assertion_file,status,remaining
G01,Dossier/traceability,supporting_contract,original-contract,requirements-traceability.csv;BUILD-PLAN.md,B01,tools/verify-materials.py,closed,none
G02,Provider/assignment feasibility,provider_mapping,typed-intune;msgraph,provider-api-coverage.csv;recipes/settings-catalog-adoption.md;recipes/assignment-preservation.md,B02,evaluations/test_reference.py,partial,"Assign replacement/merge semantics, common serializer and pagination, provider execution remain unqualified."
G03,Offline export contract,inventory,original-contract,contracts/export-intake.schema.json;contracts/NORMALIZATION.md;examples/missing-page/input/export.json;examples/access-denied/input/export.json,B03,evaluations/test_intake_edges.py,closed,"Live exporter is not delivered; adding a real format requires local adapter qualification, tracked G02/G11."
G04,Normalization contracts,inventory,original-contract,contracts/observed-inventory.schema.json;reference/core.py;evaluations/test_invariants.py,B04,evaluations/test_invariants.py,closed,Bounded synthetic Windows plain-policy subset; not all Graph polymorphs.
G05,Golden projects and assertions,generate,original-contract,examples/supported/expected/project;examples/partial/expected/project;evaluations/plans;reference/invariants.py,B05,evaluations/test_cli.py,partial,HCL/provider schema validation not run; wire serialization/no-change adoption not observed.
G06,Wizard specification,resume_validation,original-contract,wizard/wizard-state-machine.yaml;wizard/wizard-questions.yaml;wizard/FILES-AND-RESUME.md;wizard/transcripts,B06,evaluations/test_wizard.py,closed,"This closes the specification, not a functioning terminal product; PTY/host work tracked G07."
G07,Runtime/shell interaction,adoption_preview,original-contract,wizard/PLATFORM-AND-COMMANDS.md;wizard/argv-vectors.json;tools/build-reference.py;evaluations/test_cli.py,B07,evaluations/test_cli.py,partial,Native Windows/PowerShell and actual interactive/PTY implementation/validation still needed.
G08,Atmos/Azure/CI,supporting_contract,atmos,examples/azure-integration/expected/project;recipes/atmos-integration.md;permission-matrix.csv;reference/approval.py,B08,evaluations/test_approval.py,partial,"Effective Atmos inspector and real protected plan/import/change adapter, auth/network qualification remain."
G09,Provenance/acquisition,supporting_contract,source-lock,source-lock.json;code-catalog.jsonl;reuse-ledger.csv;citation-repair-ledger.csv;sources/ACQUISITION.md,B09,tools/verify-materials.py,partial,Raw upstream bytes/dependency/license closure incomplete; some original citations unresolved.
G10,Host/evaluation,supporting_contract,plugin-eval,examples/host-package;evaluations/HOSTS-AND-HARNESSES.md;evaluations/plugin-eval.native-example.json;evaluations/cases.json,B10,evaluations/test_additional_materials.py,partial,"Native parsers/install/runtime, protected effect recorder and paid behavioral tests not run."
G11,Diagnostics and broader families,supporting_contract,original-contract,examples/diagnostics;DIAGNOSTICS.md;INTUNE-ROLLOUT.md;family-coverage.csv,B11,evaluations/test_additional_materials.py,partial,Collector source adaptation and additional family implementations still staged.
G12,Corpus audit,supporting_contract,terraform-corpus,catalog-manifest.json;tools/inventory-catalog.py;evaluations/CORPUS.md,B12,tools/verify-materials.py,partial,Individual88lab files/grader/effect/attestation and matching runner audit not complete;0labs run.
