id,source,commit,path,symbol,disposition,adaptation,dependency_closure,upstream_tests,raw_sha256,record
typed-intune-01,typed-intune,1718c946b3ae111bb44c7c1d925b3e35b708cb0a,internal/services/resources/device_management/graph_beta/settings_catalog_configuration_policy_json/resource.go,ImportState; Schema,reimplement-from-contract,Use bare policy UUID importer; JSON settings wrapper; scope set; assignment schema,partial,not_run,,sources/records/typed-intune-01.json
typed-intune-02,typed-intune,1718c946b3ae111bb44c7c1d925b3e35b708cb0a,internal/services/resources/device_management/graph_beta/settings_catalog_configuration_policy_json/crud.go,Create; Read; Update; Delete,reimplement-from-contract,Keep policy/settings/assignment ownership together. Model PUT then assign POST as separate operations,partial,not_run,,sources/records/typed-intune-02.json
typed-intune-03,typed-intune,1718c946b3ae111bb44c7c1d925b3e35b708cb0a,internal/services/resources/device_management/graph_beta/settings_catalog_configuration_policy_json/construct.go,constructResource,reimplement-from-contract,Bound reference to plain Windows MDM policies; nonempty template is unsupported,partial,not_run,,sources/records/typed-intune-03.json
typed-intune-04,typed-intune,1718c946b3ae111bb44c7c1d925b3e35b708cb0a,internal/services/resources/device_management/graph_beta/settings_catalog_configuration_policy_json/construct_assignment.go,constructAssignment; constructTarget,reimplement-from-contract,Reject missing/unknown/invalid assignments before provider sees them; send preserved whole set,partial,not_run,,sources/records/typed-intune-04.json
typed-intune-05,typed-intune,1718c946b3ae111bb44c7c1d925b3e35b708cb0a,internal/services/resources/device_management/graph_beta/settings_catalog_configuration_policy_json/state.go,MapRemoteResourceStateToTerraform,reimplement-from-contract,Retain ID and metadata distinction; investigate assignment paging separately,partial,not_run,,sources/records/typed-intune-05.json
typed-intune-06,typed-intune,1718c946b3ae111bb44c7c1d925b3e35b708cb0a,internal/services/resources/device_management/graph_beta/settings_catalog_configuration_policy_json/resource_acceptance_test.go,,reimplement-from-contract,Acquire and inspect import and assignment tests; do not run automatically,partial,not_run,,sources/records/typed-intune-06.json
typed-intune-07,typed-intune,1718c946b3ae111bb44c7c1d925b3e35b708cb0a,internal/services/resources/device_management/graph_beta/settings_catalog_configuration_policy_json/resource_test.go,,reimplement-from-contract,Acquire mock assertions; do not treat file presence as a passing test,partial,not_run,,sources/records/typed-intune-07.json
typed-intune-08,typed-intune,1718c946b3ae111bb44c7c1d925b3e35b708cb0a,internal/services/common/schema/graph_beta/device_management/device_configuration_assignment.go,DeviceConfigurationWithAllGroupAssignmentsAndFilterSchema,reimplement-from-contract,Assignment type/group_id/filter_id/filter_type. Omitted filter id defaults to zero; do not explicitly configure zero. Qualify validator/default interaction.,partial,not_run,,sources/records/typed-intune-08.json
typed-intune-09,typed-intune,1718c946b3ae111bb44c7c1d925b3e35b708cb0a,LICENSE,,reimplement-from-contract,MPL-2.0 identified from first 70 lines; full text must accompany future copied material. No upstream implementation is bundled here.,partial,not_run,,sources/records/typed-intune-09.json
msgraph-10,msgraph,058dd7651d92d741d48e868d815826edec669229,docs/resources/resource.md,Import; schema,reference-only,Collection CRUD is not /assign. Beta import has ?api-version=beta suffix.,partial,not_run,,sources/records/msgraph-10.json
plugin-eval-11,plugin-eval,5fd93af4cd0c623e020d0cc7e9ce178b4ac1f70f,plugins/plugin-eval/src/core/target.js,resolveTarget,reference-only,Detects .codex-plugin/plugin.json not root portable manifest. Use matching compatibility manifest.,partial,not_run,,sources/records/plugin-eval-11.json
plugin-eval-12,plugin-eval,5fd93af4cd0c623e020d0cc7e9ce178b4ac1f70f,plugins/plugin-eval/src/core/benchmark.js,normalizeConfig; createStarterBenchmarkConfig,reference-only,schemaVersion2; runner codex-cli; workspace.sourcePath; targetProvisioning.mode. No simulated dry-run claim.,partial,not_run,,sources/records/plugin-eval-12.json
plugin-eval-13,plugin-eval,5fd93af4cd0c623e020d0cc7e9ce178b4ac1f70f,plugins/plugin-eval/references/benchmark-harness.md,,reference-only,Real Codex sessions; successChecklist is not an independent outcome grader.,partial,not_run,,sources/records/plugin-eval-13.json
atmos-14,atmos,d5790b2b11cce4b1c1ed96da9a73716510d6d03a,agent-skills/skills/atmos-terraform/SKILL.md,Binary selection; toolchain,reference-only,Use namespace terraform with executable tofu. Do not infer identical engine features. No auto installation.,partial,not_run,,sources/records/atmos-14.json
hashicorp-skills-15,hashicorp-skills,f706481af9b8fedb66de909f6243ad29601afa0c,SKILLS.md,,reference-only,Catalogue confirms corrected refactor-module name; do not bundle entire catalogue.,partial,not_run,,sources/records/hashicorp-skills-15.json
azure-skills-16,azure-skills,f07c05364353925f7c8b0e474aa95afa291bce54,.github/plugins/azure-skills/skills/azure-prepare/SKILL.md,frontmatter versus triggers,reference-only,Do not activate azd workflow inside this Atmos reference. Service knowledge only.,partial,not_run,,sources/records/azure-skills-16.json
terraform-corpus-17,terraform-corpus,86b69d2292485d179698f5b9bf648a29f935e216,meta.yml,sections.labs,reference-only,Enumerate actual declared paths; per-lab existence/metadata still need read.,partial,not_run,,sources/records/terraform-corpus-17.json
terraform-corpus-18,terraform-corpus,86b69d2292485d179698f5b9bf648a29f935e216,conftest.py,_apply_lab_state,reference-only,Disable solution replay; skip not pass. This pass read lines170–260.,partial,not_run,,sources/records/terraform-corpus-18.json
plugin-eval-workspace,plugin-eval,5fd93af4cd0c623e020d0cc7e9ce178b4ac1f70f,plugins/plugin-eval/src/core/benchmark-workspace.js,defaultTargetProvisioningMode; provisionBenchmarkWorkspace; seedCodexHome,reference-only,Use real supported provisioning modes. Sterile model-auth-only home; config/auth copying must not inherit cloud integrations.,partial,not_run,,sources/records/plugin-eval-workspace.json
msgraph-ref-update,msgraph,058dd7651d92d741d48e868d815826edec669229,internal/services/msgraph_resource.go,MSGraphResource.Update (lines315–390 retrieved),reference-only,Pinned v0.5.0 Update /$ref branch sets state and returns before remote update. Do not generalize to Intune assign; classify specific pinned path only.,partial,not_run,,sources/records/msgraph-ref-update.json
