threat,invariant,control,test,evidence,status,remaining_gap
Identity spoofing,Authentication is independently observed,target.py; native_context.py strict relationships,wrong tenant/cloud/principal/backend,owner identity tests,BLOCKED,No authenticated live target/principal
Cloud execution from model,JSON cannot grant cloud authority,execution.py adapter gate; protected.py local-only types,cloud apply and forged text,sandbox-regressions.json,PASS,Local negative evidence only
MCP arbitrary file access,All model path effects require operator capability,mcp.FilesystemAuthority,hostile read/write/capability injection,sandbox-regressions.json,PASS,Cooperative ancestors; compromised host excluded
Sibling lock scope,Auxiliary writes remain scoped,mcp._check_authority output.parent,output equals write root,../security-sibling-lock-green.txt,PASS,Other action-specific effects require continuing review
Credential routing,No ambient proxy or redirects,capture._http_transport,inherited proxy,sandbox-regressions.json,PASS,DNS/TLS trust; token lifecycle external
Continuation abuse,Graph continuation remains bounded and exact-origin,capture.py; engine.py,cross-origin/loop/missing initial,../synthetic/result.json (owner corpus; no independent acceptance implied),INCONCLUSIVE,Synthetic coverage not observed Intune service
Incomplete observation,Unknown is not desired empty,engine.py preservation,denied/null/omitted collection,../synthetic/result.json (owner corpus; no independent acceptance implied),INCONCLUSIVE,Provider full lifecycle qualification separate
Target broadening,Assignment tuple exclusions/filter modes preserved,reference/core.py independent comparison,lost exclusion/filter mutation,../synthetic/result.json (owner corpus; no independent acceptance implied),INCONCLUSIVE,No live assignment test
Duplicate ownership,One object cannot be silently adopted twice,ownership declarations; live gate,multiple state ownership,findings-ledger.json release gates,BLOCKED,No authentic backend ownership inventory
Repository execution,Inspection cannot activate hooks/functions/provisioners,repository.py; native_atmos.py,unsafe HCL/YAML/environment override,../reviewer-tests/acceptance-green.txt; ../native-atmos-measured.json,INCONCLUSIVE,Whole-source admission variant fixed; native effects remained mocked in adversarial admission probe
Executable replacement,Trusted pin independent of mutable manifest,protected.SyntheticExecutor._validate,replace executable+hash,../protected-executable-substitution-green.txt,PASS,Installed runtime and loader remain trusted
Template injection,Constants stay inert,protected._json_snapshot,persisted ${file(...)} value,sandbox-regressions-final.json,PASS,Post-fix constructor refusal; no claimed native exfiltration reproduction
Approval substitution,Grant binds exact plan/config/target/tool/state and expiry,protected._LocalGrant/_validate_request,replace plan or request after approval,../reviewer-tests/saved-plan-binding-green.txt,PASS,Local native/synthetic profiles; same-privilege racing writer excluded
Approval replay,One accepted dispatch consumes grant,protected.execute_native_operation,consume twice,../protected-cross-journal-replay-green.txt,PASS,Local target consumption; enterprise approval channel missing
Interrupted mutation,Started event precedes mutation; unknown prevents retry,protected.execute_native_operation,failed apply/receipt/lock ownership,../../../plugin_tests/test_protected_completion.py (owner corpus; independent native execution not included here),INCONCLUSIVE,No remote mutation or rollback guarantee
State replacement,Readback binds lineage and serial,protected._state,changed lineage same output,sandbox-regressions-qualified.json; ../protected-state-lineage-green.txt,PASS,Local recovery classification; no authentic backend claim
Resource exhaustion,Limits precede parse/walk/spawn/output,io.py limits; protected._supervise hard child resource limits and process-creation seccomp; bounded directory enumeration,"virtual allocation/sparse file/FD/core/CPU bounds; fork refused, threads allowed",../protected-resource-bounds-green.txt; ../protected-green.txt; sandbox-regressions-frozen.json,INCONCLUSIVE,Measured caps PASS on Linux; thread-count/cgroup task quota and other hosts remain deployment qualification
Hostile repository/model content,Text cannot expand deterministic capability,mcp static vocabulary + FilesystemAuthority,text -> fake approval -> out-of-root read,sandbox-regressions.json,PASS,Deterministic hostile stub; no model recall estimate
Audit sandbox escape,Target test gets no host write/network authority,security-audit-local.py bwrap runner,actual source-write/network probes,sandbox-regressions.json,PASS,Linux namespaces; no procfs; fixed corpus only
Secret reporting,Report does not copy source canary,security-audit-local.py read-only triage,source secret marker,sandbox-regressions.json,PASS,Marker triage is not complete secret scanner
Supply chain,Exact dependency/catalog/artifact bytes recorded,dependency-lock.json; acquired manifests,hash/version verification,dependency-sbom.cdx.json,INCONCLUSIVE,Hash consistency not authenticity; native transitive SBOM gap
Dependency advisories,Query exact package versions; preserve query evidence,OSV public querybatch,10 pinned Python packages,dependency-advisories.json,INCONCLUSIVE,No returned advisories; no safety guarantee
Reviewer compromise,Candidate grading instructions cannot grant authority,separate source review + executable checks,forged approval text,composed-cases.json,INCONCLUSIVE,No measured precision/recall or hidden security holdout
Cross-platform privilege,ACL/process semantics verified per host,host qualification gates,Windows/PowerShell/reparse points,coverage-gaps.json G04,BLOCKED,No native Windows available
Approval/recovery protocol ordering,"Exclusive lock, one dispatch per grant, no uncertain auto-retry, success after readback+receipt",Authored bounded atomic-state model; implementation tested separately,BFS two writers/one crash/one grant/18steps plus4 weakened controls,../model-check/results.json; ../model-check/README.md,PASS,Abstraction-only; no implementation correspondence or unbounded/live-service proof
