id,path,test_sha256,test_function_count,environment,disposition,reason
getting-started-terraform-overview,getting-started/terraform-overview,33bb10775d1795a8aefa9b04549dcbb9391c3ee8eafd40a7bc640b221af7e76d,8,local_native_provider_or_module_registry,retained_curriculum_not_replayed,Requires its own authored exercise completion and provider/module runtime qualification; original solutions remain encrypted.
getting-started-declarative-vs-imperative,getting-started/declarative-vs-imperative,c283faea5b53125c69dab628538b6770aa47b9ca863dcf8af5d70eabbff77f3c,8,local_native_provider_or_module_registry,retained_curriculum_not_replayed,Requires its own authored exercise completion and provider/module runtime qualification; original solutions remain encrypted.
getting-started-terraform-vs-opentofu,getting-started/terraform-vs-opentofu,d5e75a444aea3b788879c7be5ea5abf0c4518f41630446ce8b21796cb0ead5a5,8,inspect_fixture_completion_before_classifying_provider_free,retained_local_candidate_not_replayed,Candidate runtime classification is not a runnable solution; no false replay claim. Lessons implemented in independent native adoption/locking labs.
getting-started-install-terraform,getting-started/install-terraform,95d2d9dd4e32368115312e217c0017cc4e2764cb5de7c4f1bae0cd75947d8af9,4,inspect_fixture_completion_before_classifying_provider_free,retained_local_candidate_not_replayed,Candidate runtime classification is not a runnable solution; no false replay claim. Lessons implemented in independent native adoption/locking labs.
getting-started-cli-terraform,getting-started/cli-terraform,92a2ca2b1a7f223a8d52814fed233910dfcbf26bd3b5560de282239a66aef09b,5,local_native_provider_or_module_registry,retained_curriculum_not_replayed,Requires its own authored exercise completion and provider/module runtime qualification; original solutions remain encrypted.
getting-started-terraform-workflow,getting-started/terraform-workflow,4a7e01fbf584de8f545f366254430be9a4fde75fa0b55607367360128e224559,8,local_native_provider_or_module_registry,retained_curriculum_not_replayed,Requires its own authored exercise completion and provider/module runtime qualification; original solutions remain encrypted.
getting-started-providers-resources-data-sources,getting-started/providers-resources-data-sources,23fb889afada60fed241e972730f36dff73331f0f2b7aa8e311a1510e8dcef45,7,inspect_fixture_completion_before_classifying_provider_free,retained_local_candidate_not_replayed,Candidate runtime classification is not a runnable solution; no false replay claim. Lessons implemented in independent native adoption/locking labs.
getting-started-terraform-project-structure,getting-started/terraform-project-structure,29ff4f7b617e31940804ea2b41ce664ded6e994b88ccc8508aee843e6bdb5e90,6,local_native_provider_or_module_registry,retained_curriculum_not_replayed,Requires its own authored exercise completion and provider/module runtime qualification; original solutions remain encrypted.
first-infra-first-infrastructure,first-infra/first-infrastructure,1bfb33ec0704142b82bdc444f0cbed525b2de22acb611a9b241db315fc392fb2,6,local_libvirt_host_mutations,requires_dedicated_virtualization_host,Host libvirt mutation is outside the local file-only qualification boundary.
first-infra-variables-outputs,first-infra/variables-outputs,af69fad7d936dd43679c139d98873ce654ec8784262167256c289e9016e22ed4,8,local_native_provider_or_module_registry,retained_curriculum_not_replayed,Requires its own authored exercise completion and provider/module runtime qualification; original solutions remain encrypted.
first-infra-virtual-network,first-infra/virtual-network,30ef34161f655dff1db9cb9da9facdc19b64b135e63ada0b0de707ec8ba9903d,6,local_libvirt_host_mutations,requires_dedicated_virtualization_host,Host libvirt mutation is outside the local file-only qualification boundary.
first-infra-vm-libvirt,first-infra/vm-libvirt,5afe2047415259c6411f607cc76aa2db00e7578182123515d15d45a51c854a04,7,local_libvirt_host_mutations,requires_dedicated_virtualization_host,Host libvirt mutation is outside the local file-only qualification boundary.
first-infra-ansible,first-infra/ansible,90f46dec8707cf45944fe953fbdd249129341451f497264bd2462f5f3e17ce89,7,local_native_provider_or_module_registry,retained_curriculum_not_replayed,Requires its own authored exercise completion and provider/module runtime qualification; original solutions remain encrypted.
first-infra-debug-apply,first-infra/debug-apply,8b690632f5c722e7eef54fe14fdd201eb1c56deac09be69cbda2ef0c418d3ee1,5,local_native_provider_or_module_registry,retained_curriculum_not_replayed,Requires its own authored exercise completion and provider/module runtime qualification; original solutions remain encrypted.
first-infra-clean-destroy,first-infra/clean-destroy,84e0dc46ffa7784836955a3de2d01e9accc539cda3fb18b52792ff00f50f4b59,5,local_native_provider_or_module_registry,retained_curriculum_not_replayed,Requires its own authored exercise completion and provider/module runtime qualification; original solutions remain encrypted.
write-code-providers,write-code/providers,e9f451228d36d0baca5fbbe41408b029bf74f2d38dd268eeab2575a5f8beb89a,5,inspect_fixture_completion_before_classifying_provider_free,retained_local_candidate_not_replayed,Candidate runtime classification is not a runnable solution; no false replay claim. Lessons implemented in independent native adoption/locking labs.
write-code-declare-resources,write-code/declare-resources,048e6ba2f6cb496ced43870c364d8da975e9b101b41266ece6edcb40a84822dc,7,local_native_provider_or_module_registry,retained_curriculum_not_replayed,Requires its own authored exercise completion and provider/module runtime qualification; original solutions remain encrypted.
write-code-variables,write-code/variables,f5b1c5bddd200bf457770f969a29c5c9403e07819b0ec8258e158336b6377b15,8,local_native_provider_or_module_registry,retained_curriculum_not_replayed,Requires its own authored exercise completion and provider/module runtime qualification; original solutions remain encrypted.
write-code-outputs,write-code/outputs,26b25cfa761f21858d55240bea9a536bb304fa95dbf656cc13b9e3b9a4397094,8,local_native_provider_or_module_registry,retained_curriculum_not_replayed,Requires its own authored exercise completion and provider/module runtime qualification; original solutions remain encrypted.
write-code-locals,write-code/locals,1ad547cb553ac1ab6a933abb8548311b82056aa55a184268ffe3834da99e89ec,9,local_native_provider_or_module_registry,retained_curriculum_not_replayed,Requires its own authored exercise completion and provider/module runtime qualification; original solutions remain encrypted.
write-code-data-sources,write-code/data-sources,2d2767ef73eab8a60514acad62f104d61e30396a79ff1c7474a81aeb362eff6a,9,local_native_provider_or_module_registry,retained_curriculum_not_replayed,Requires its own authored exercise completion and provider/module runtime qualification; original solutions remain encrypted.
write-code-expressions,write-code/expressions,f01b14c66024e7996e6768406586964dedf4cea57ef9a162e06b3ccf5a59bcb2,6,local_native_provider_or_module_registry,retained_curriculum_not_replayed,Requires its own authored exercise completion and provider/module runtime qualification; original solutions remain encrypted.
write-code-functions,write-code/functions,9d0fe26be4cc87f2dd5e8f038eeeb3d4210bfca1cc02f71f7bc492a892b73de1,10,local_native_provider_or_module_registry,retained_curriculum_not_replayed,Requires its own authored exercise completion and provider/module runtime qualification; original solutions remain encrypted.
write-code-provider-defined-functions,write-code/provider-defined-functions,bcc71838ac10a20ad8f5c81594c5aeeee71fd26d29d1c5e9367fb675b4141a29,6,local_native_provider_or_module_registry,retained_curriculum_not_replayed,Requires its own authored exercise completion and provider/module runtime qualification; original solutions remain encrypted.
write-code-conditionals,write-code/conditionals,f7cc31d28ca3cd1c245d86014e0b079bdf8f1a063d55dac554e55a57d7fb60e6,10,local_native_provider_or_module_registry,retained_curriculum_not_replayed,Requires its own authored exercise completion and provider/module runtime qualification; original solutions remain encrypted.
write-code-validation-check-preconditions,write-code/validation-check-preconditions,7592edddbc724b485f3074d55b9e97563ed74e63bc1df3de468b0fff5eac47fd,5,local_native_provider_or_module_registry,retained_curriculum_not_replayed,Requires its own authored exercise completion and provider/module runtime qualification; original solutions remain encrypted.
write-code-count,write-code/count,a331f0e5ff83e3db4c41de448f79d25f9b7ed696e83bec4acdcc8612de83f07d,8,local_native_provider_or_module_registry,retained_curriculum_not_replayed,Requires its own authored exercise completion and provider/module runtime qualification; original solutions remain encrypted.
write-code-for-each,write-code/for-each,a85a7fac6aa77fc838323b174b56ea86d85e882263506ac92425f83f9ea53c9d,7,local_native_provider_or_module_registry,retained_curriculum_not_replayed,Requires its own authored exercise completion and provider/module runtime qualification; original solutions remain encrypted.
write-code-for-loops,write-code/for-loops,c8d79ded186bfcb583fff4519dcb05654f59c2319ac0b83b6dc7edf1a7305b9a,9,local_native_provider_or_module_registry,retained_curriculum_not_replayed,Requires its own authored exercise completion and provider/module runtime qualification; original solutions remain encrypted.
write-code-dynamic-blocks,write-code/dynamic-blocks,620052302812009ca4ade1c4304d22b9d31d9f4cbf3eee40d4a2d190d8c85231,8,local_native_provider_or_module_registry,retained_curriculum_not_replayed,Requires its own authored exercise completion and provider/module runtime qualification; original solutions remain encrypted.
write-code-depends-on,write-code/depends-on,18d5077df68c735d2d7548b4ea82b0c90a0883a6c87fe4ba02cee46c4edfa81c,8,local_native_provider_or_module_registry,retained_curriculum_not_replayed,Requires its own authored exercise completion and provider/module runtime qualification; original solutions remain encrypted.
write-code-lifecycle,write-code/lifecycle,595638d1df90f2c62395382cf57a272c7e3f1183f333cc7afec7d98378e080fe,10,local_native_provider_or_module_registry,retained_curriculum_not_replayed,Requires its own authored exercise completion and provider/module runtime qualification; original solutions remain encrypted.
write-code-tfvars-files,write-code/tfvars-files,af28395a4ea3b8b0d53ee4ccd12a2879cd6d5c961ec54db1c4cb1415068b2709,4,local_native_provider_or_module_registry,retained_curriculum_not_replayed,Requires its own authored exercise completion and provider/module runtime qualification; original solutions remain encrypted.
write-code-version-constraints,write-code/version-constraints,c66585fe8370a2ff47860cfa450ef672483ba6df2354ff2536732912bf648f51,4,local_native_provider_or_module_registry,retained_curriculum_not_replayed,Requires its own authored exercise completion and provider/module runtime qualification; original solutions remain encrypted.
write-code-style-guide,write-code/style-guide,6d8561edd4e55a34bec0fbc56591c5f8c3331833eb4f378f0c5db61df16c2a28,10,local_native_provider_or_module_registry,retained_curriculum_not_replayed,Requires its own authored exercise completion and provider/module runtime qualification; original solutions remain encrypted.
write-code-sensitive-data-sensitive-values,write-code/sensitive-data/sensitive-values,b23736c030b3cb9d2de4ddeaa8a5850bebf00dada766125086970ce4a120519c,4,local_native_provider_or_module_registry,retained_curriculum_not_replayed,Requires its own authored exercise completion and provider/module runtime qualification; original solutions remain encrypted.
write-code-sensitive-data-ephemeral-values,write-code/sensitive-data/ephemeral-values,1f48740b0b636e759585a61c34b32eb88ad82d7bbafcdff662796026e3b4da2d,4,local_native_provider_or_module_registry,retained_curriculum_not_replayed,Requires its own authored exercise completion and provider/module runtime qualification; original solutions remain encrypted.
write-code-sensitive-data-write-only-arguments,write-code/sensitive-data/write-only-arguments,1208b6ff7bd36b62f8b3e6a46835c704701834b969e4e5646327172d56068d51,4,docker_service_and_native_provider,requires_disposable_service_environment,Docker/emulated-service exercise not executed; no daemon or host socket was provisioned.
write-code-sensitive-data-vault-secrets,write-code/sensitive-data/vault-secrets,975069bd17dd71449d431fde82ecb3675dd888fafe128f14cad6e43316bf3d96,4,docker_service_and_native_provider,requires_disposable_service_environment,Docker/emulated-service exercise not executed; no daemon or host socket was provisioned.
state-understand-state,state/understand-state,796a4205aa5533fca56b3b97595de951970dae397dd8f60a46a1d14df8a55a43,5,local_native_provider_or_module_registry,retained_curriculum_not_replayed,Requires its own authored exercise completion and provider/module runtime qualification; original solutions remain encrypted.
state-backends,state/backends,f6b8712d1bc846cbbd09a41033421628f9e68b3573c90218dedb92463bb95334,4,local_native_provider_or_module_registry,retained_curriculum_not_replayed,Requires its own authored exercise completion and provider/module runtime qualification; original solutions remain encrypted.
state-state-locking,state/state-locking,54288419ae96edf8c455ac5706077701bace6cc15f8f72ae94e844be5627adea,9,provider_free_native_cli_candidate,replayed_native_opentofu_adaptation,Eight unchanged upstream behavior tests passed; S3 documentary test deselected.
state-terraform-state-list,state/terraform-state-list,42b463e58756737e9d990a5e4d73e20d4e30198f01a5d2382fdc531fb20b8235,14,local_native_provider_or_module_registry,retained_curriculum_not_replayed,Requires its own authored exercise completion and provider/module runtime qualification; original solutions remain encrypted.
state-terraform-state-show,state/terraform-state-show,a19e4c03cfc46e96df4c5c6c011d07379e761cd0ca67b414cbc859f74b297679,12,local_native_provider_or_module_registry,retained_curriculum_not_replayed,Requires its own authored exercise completion and provider/module runtime qualification; original solutions remain encrypted.
state-terraform-state-mv,state/terraform-state-mv,693bd16301b15a87f4cca10e0ebf44ac9d243532ccfc321f38b0065d49a56474,5,local_native_provider_or_module_registry,retained_curriculum_not_replayed,Requires its own authored exercise completion and provider/module runtime qualification; original solutions remain encrypted.
state-terraform-state-rm,state/terraform-state-rm,f18f6824aa53b2c63da8902814f61d2e16bbb4b66e60475029eb124d070ed60a,6,local_native_provider_or_module_registry,retained_curriculum_not_replayed,Requires its own authored exercise completion and provider/module runtime qualification; original solutions remain encrypted.
state-removed-block,state/removed-block,a5d7e5db581726b90ef6f0679a9b019ceb1d2ba1e4fc2dd5ca9116bfab7164f3,7,local_native_provider_or_module_registry,retained_curriculum_not_replayed,Requires its own authored exercise completion and provider/module runtime qualification; original solutions remain encrypted.
state-backup-restore-state,state/backup-restore-state,6a92e2234a5908ea4797486f72040c9bdae4fe5975201be6a2f3e2ca9f12fa72,4,local_native_provider_or_module_registry,retained_curriculum_not_replayed,Requires its own authored exercise completion and provider/module runtime qualification; original solutions remain encrypted.
state-diagnose-state,state/diagnose-state,b0ff4454d349b8ee7947b92934cf83c1dda482509da5aa6a316f49da7f4a8ffe,6,local_native_provider_or_module_registry,retained_curriculum_not_replayed,Requires its own authored exercise completion and provider/module runtime qualification; original solutions remain encrypted.
modules-create-modules,modules/create-modules,11c3570536f11ba9518a63595951b8311fff988ed2f689c15b2d8757a683f349,8,local_native_provider_or_module_registry,retained_curriculum_not_replayed,Requires its own authored exercise completion and provider/module runtime qualification; original solutions remain encrypted.
modules-module-structure,modules/module-structure,fc152c87d870d7e6513e88ecbca0e8b872b0391022d69caab3de5d7ed20e6a7b,7,local_native_provider_or_module_registry,retained_curriculum_not_replayed,Requires its own authored exercise completion and provider/module runtime qualification; original solutions remain encrypted.
modules-module-variables-outputs,modules/module-variables-outputs,07fe9883e3e525aa2f3e5774d1366788e04fab431dfde8794a6804de6044aa57,8,local_native_provider_or_module_registry,retained_curriculum_not_replayed,Requires its own authored exercise completion and provider/module runtime qualification; original solutions remain encrypted.
modules-module-local,modules/module-local,ccd9780fddb2cc1d22ce097f48265c713c3f3b29a3aa41e196ded84e6b3d8618,8,local_native_provider_or_module_registry,retained_curriculum_not_replayed,Requires its own authored exercise completion and provider/module runtime qualification; original solutions remain encrypted.
modules-module-registry,modules/module-registry,48e64dab46207594ad0887b82626fe9a7138272063260d8ffdf1ea86be63aa99,11,local_native_provider_or_module_registry,retained_curriculum_not_replayed,Requires its own authored exercise completion and provider/module runtime qualification; original solutions remain encrypted.
modules-version-modules,modules/version-modules,60596df235f6eacbc4694fa796ec5a4e0f4bb4392cfcb350cd9f212ef0dca3c4,9,inspect_fixture_completion_before_classifying_provider_free,retained_local_candidate_not_replayed,Candidate runtime classification is not a runnable solution; no false replay claim. Lessons implemented in independent native adoption/locking labs.
modules-test-module,modules/test-module,0712d96d3994b3059639910501336e1d12240d0278420adb0a145e8e9e9c0ae4,5,provider_free_native_cli_candidate,retained_local_candidate_not_replayed,Candidate runtime classification is not a runnable solution; no false replay claim. Lessons implemented in independent native adoption/locking labs.
modules-module-best-practices,modules/module-best-practices,b711c33b72a85ed502eff7836b19e81f0843581f11eef1d2ba4491817ad00b53,9,local_native_provider_or_module_registry,retained_curriculum_not_replayed,Requires its own authored exercise completion and provider/module runtime qualification; original solutions remain encrypted.
modules-module-anti-patterns,modules/module-anti-patterns,e880d8908f6f5bb43ae915dcaf3f4eab1b72e274885225dbd3a10e667c57f249,8,local_native_provider_or_module_registry,retained_curriculum_not_replayed,Requires its own authored exercise completion and provider/module runtime qualification; original solutions remain encrypted.
environments-organize-terraform-repo,environments/organize-terraform-repo,fe630c3b92b2314b110a72ea8e248ff105d680270c6fe8f435dd84977abdc2f4,8,local_native_provider_or_module_registry,retained_curriculum_not_replayed,Requires its own authored exercise completion and provider/module runtime qualification; original solutions remain encrypted.
environments-separate-environments,environments/separate-environments,2f59e609dc70854f151be388bd8533128410c8e455e592249470fba586fa195e,6,local_native_provider_or_module_registry,retained_curriculum_not_replayed,Requires its own authored exercise completion and provider/module runtime qualification; original solutions remain encrypted.
environments-per-environment-variables,environments/per-environment-variables,6f56714c96f87188aef02aa9f0a63d5c4af9a983a1b5b41d4a50c119da868dca,12,local_native_provider_or_module_registry,retained_curriculum_not_replayed,Requires its own authored exercise completion and provider/module runtime qualification; original solutions remain encrypted.
environments-workspace,environments/workspace,84a9ceb0e50bd980e626da60d71fbdf632acf3b0754336c62dd7d990d045c71e,8,local_native_provider_or_module_registry,retained_curriculum_not_replayed,Requires its own authored exercise completion and provider/module runtime qualification; original solutions remain encrypted.
environments-when-to-use-workspaces,environments/when-to-use-workspaces,d85267e37b6a194f7c6b034d3da60e0444d9970573606910b4bdb0f17fdae4d0,9,local_native_provider_or_module_registry,retained_curriculum_not_replayed,Requires its own authored exercise completion and provider/module runtime qualification; original solutions remain encrypted.
environments-monorepo-vs-repo-per-stack,environments/monorepo-vs-repo-per-stack,9d997a7dff01e12875bcc449d2c1b7e84b0fe02c44b4f695e24f6005922422e6,7,local_native_provider_or_module_registry,retained_curriculum_not_replayed,Requires its own authored exercise completion and provider/module runtime qualification; original solutions remain encrypted.
environments-terraform-in-automation,environments/terraform-in-automation,0e9dddcd34c4829dbe2f5b3798ffe5022478ae1b0583aabac1c8e0ee468e2ccd,10,local_native_provider_or_module_registry,retained_curriculum_not_replayed,Requires its own authored exercise completion and provider/module runtime qualification; original solutions remain encrypted.
aws-provider-aws-first-ec2,aws/provider-aws-first-ec2,e3be075d20479cc238e934118f7fa79fb9da20be8fbbcdb7b805057cc461e211,11,docker_service_and_native_provider,requires_disposable_service_environment,Docker/emulated-service exercise not executed; no daemon or host socket was provisioned.
aws-sg-subnet-instance,aws/sg-subnet-instance,5705aba3237a8571c5993c70f19f22d278fdf73998fb11b4b4d4f3e0ffa0db53,12,docker_service_and_native_provider,requires_disposable_service_environment,Docker/emulated-service exercise not executed; no daemon or host socket was provisioned.
aws-iam-role-policy-instance-profile,aws/iam-role-policy-instance-profile,9e05b75529ddcb48d7a85eb2f568fb9f0e055459b5b1e148e01ee979e5cdc591,7,docker_service_and_native_provider,requires_disposable_service_environment,Docker/emulated-service exercise not executed; no daemon or host socket was provisioned.
aws-backend-s3-remote-state,aws/backend-s3-remote-state,62b4b0692d7b44af53271bcc4f45a6451aa9ce7c3ab214d11a5c42be5cabfa22,9,docker_service_and_native_provider,requires_disposable_service_environment,Docker/emulated-service exercise not executed; no daemon or host socket was provisioned.
aws-launch-template-autoscaling,aws/launch-template-autoscaling,927c0e63199c430c4bff426fcf9ffdb65f6b458d0ef3738e37c45de16c4e5a4f,8,local_native_provider_or_module_registry,retained_curriculum_not_replayed,Requires its own authored exercise completion and provider/module runtime qualification; original solutions remain encrypted.
aws-import-moved-drift,aws/import-moved-drift,34a0a54968c39a0fc3c16baf197ffb51dd345cf576eaaf9141fb73e800fbac38,6,docker_service_and_native_provider,requires_disposable_service_environment,Docker/emulated-service exercise not executed; no daemon or host socket was provisioned.
hcp-terraform-hcp-terraform-overview,hcp-terraform/hcp-terraform-overview,9248eab8e7813cd9bf7aee420050d1c430de824a3993cb2c64ae3f6ead3f7370,8,local_native_provider_or_module_registry,retained_curriculum_not_replayed,Requires its own authored exercise completion and provider/module runtime qualification; original solutions remain encrypted.
hcp-terraform-hcp-workspaces,hcp-terraform/hcp-workspaces,12a045a9be024c2a1d83f0d8c3128f9b5f39e87508337c979edb89b3f05ad54e,4,inspect_fixture_completion_before_classifying_provider_free,retained_local_candidate_not_replayed,Candidate runtime classification is not a runnable solution; no false replay claim. Lessons implemented in independent native adoption/locking labs.
hcp-terraform-remote-runs,hcp-terraform/remote-runs,9bb8e56ab016b8e2ee84c15707702da016bb95c73df1a462865b9f0e185ffe0c,8,local_native_provider_or_module_registry,retained_curriculum_not_replayed,Requires its own authored exercise completion and provider/module runtime qualification; original solutions remain encrypted.
hcp-terraform-variable-sets,hcp-terraform/variable-sets,78737549b4052753c219024809419794c615a382039ebbcf0cd0845f6ca0d48c,8,local_native_provider_or_module_registry,retained_curriculum_not_replayed,Requires its own authored exercise completion and provider/module runtime qualification; original solutions remain encrypted.
hcp-terraform-shared-credentials,hcp-terraform/shared-credentials,c0e404ce0e46d13b9599b77b8f59b1da9adab1af7be754228136ae93983bfaa3,4,docker_service_and_native_provider,requires_disposable_service_environment,Docker/emulated-service exercise not executed; no daemon or host socket was provisioned.
hcp-terraform-projects-teams,hcp-terraform/projects-teams,4e9ac862deddf3d9ad5bce6941ebb9ce6ae8f2888da203932aa0a0971f990193,4,inspect_fixture_completion_before_classifying_provider_free,retained_local_candidate_not_replayed,Candidate runtime classification is not a runnable solution; no false replay claim. Lessons implemented in independent native adoption/locking labs.
hcp-terraform-policy-as-code,hcp-terraform/policy-as-code,83009ebd76eab412e3446c5d71c2712d99be286c2feb0e9af0741bd24d3848fc,7,inspect_fixture_completion_before_classifying_provider_free,retained_local_candidate_not_replayed,Candidate runtime classification is not a runnable solution; no false replay claim. Lessons implemented in independent native adoption/locking labs.
hcp-terraform-premier-run-distant,hcp-terraform/premier-run-distant,5e065e667e5fcb22beda6d0f2c6341b7ed10b2cbfae239717f2edfcdbbb14abb,7,real_hcp_account_and_remote_mutations,requires_authorized_external_account,Real remote resource operations intentionally not attempted.
certifications-associate-essential-commands,certifications/associate/essential-commands,dc49c2d0761061f8cb0368cec249fbab7cdbc71e606e9a0d196aace5dd91393b,8,local_native_provider_or_module_registry,retained_curriculum_not_replayed,Requires its own authored exercise completion and provider/module runtime qualification; original solutions remain encrypted.
certifications-associate-mock-004,certifications/associate/mock-004,a7e344a398e85c6135faed5befa1e3e93dc18ff0df44a55588efab74a7cd5281,10,local_native_provider_or_module_registry,retained_curriculum_not_replayed,Requires its own authored exercise completion and provider/module runtime qualification; original solutions remain encrypted.
certifications-professional-capstone1-resource-lifecycle,certifications/professional/capstone1-resource-lifecycle,926bc240fbefec2d051fa89d65fb2220d73d4173d0a6a904190c4ff93759871c,5,docker_service_and_native_provider,requires_disposable_service_environment,Docker/emulated-service exercise not executed; no daemon or host socket was provisioned.
certifications-professional-capstone2-dynamic-config,certifications/professional/capstone2-dynamic-config,36296591e58d1c4b0ced4ddedd7ec588ae99788a94b8a43c7fbf64671a5dddec,9,local_native_provider_or_module_registry,retained_curriculum_not_replayed,Requires its own authored exercise completion and provider/module runtime qualification; original solutions remain encrypted.
certifications-professional-capstone3-collaborative-workflows,certifications/professional/capstone3-collaborative-workflows,45a517ad543ba01629b2469ae9e09215a24f2b965af6a5d6c64d2027c09d1226,8,docker_service_and_native_provider,requires_disposable_service_environment,Docker/emulated-service exercise not executed; no daemon or host socket was provisioned.
certifications-professional-capstone4-modules,certifications/professional/capstone4-modules,e9290ee5ad6e37b60ec346ab3e86b47d9b6bd9cacf6f2974068311ee775a765c,6,local_native_provider_or_module_registry,retained_curriculum_not_replayed,Requires its own authored exercise completion and provider/module runtime qualification; original solutions remain encrypted.
certifications-professional-capstone5-providers,certifications/professional/capstone5-providers,a633018edd3a1b8ad560fe68216b82edb24f87472f3a011891e265474326fa6b,6,docker_service_and_native_provider,requires_disposable_service_environment,Docker/emulated-service exercise not executed; no daemon or host socket was provisioned.
certifications-professional-capstone6-hcp,certifications/professional/capstone6-hcp,e02522fe93e10c02b5577b9bbc20815bd98982ad3246a86208150b060930a7dd,8,local_native_provider_or_module_registry,retained_curriculum_not_replayed,Requires its own authored exercise completion and provider/module runtime qualification; original solutions remain encrypted.
certifications-professional-mock-pro,certifications/professional/mock-pro,6a1bb54aafc9f079dc695be672ce2966b9ba0e6ec04f915fcd3c600720b90013,16,local_native_provider_or_module_registry,retained_curriculum_not_replayed,Requires its own authored exercise completion and provider/module runtime qualification; original solutions remain encrypted.
