finding,priority,original_pack_paths,evidence,correction,regression_prefix,supplied_material,remaining
F01,high,reference/core.py:193-200; fixtures/golden settings and generated HCL,P01/P02/P03/P04/P05/P11,"Separate observed wrapper from exact provider config; preserve IDs, remove only validated wrapper metadata; trace request and state roundtrip.",test_F01,contracts/provider-settings.schema.json; CORRECTION-SPEC.md §1,integrated generator repair and pinned-provider validation not run
F02,high,reference/core.py:147-170; contracts/export intake,W01; original regression receipt,"Require independent trusted initial boundary and complete page chain, reject narrowed/terminal-only capture.",test_F02,contracts/capture.schema.json; models/contract_model.py::capture_errors,original intake not patched; capture authenticity/freshness remains external
F03,high,reference/core.py:193-200; tools/build-reference.py:24-26,P01/P07/P10; original regression receipt,Apply discriminated schema and ID/filter/length validation; validate normalized/generated contracts before writes.,test_F03,contracts/observed-*.schema.json; CORRECTION-SPEC.md §1,"definition applicability, full provider constraints and CLI integration remain"
F04,medium,reference/core.py:202,original regression receipt,Reject duplicate reference identities conservatively; never supersede by array order.,test_F04,models/contract_model.py::reference_errors,original normalizer not patched
F05,medium,reference/invariants.py,original mutation tests,Independently derive source/key/fields/references/dispositions and parse actual imports; mutate each invariant.,test_F05,contracts/ORACLE-IMPLEMENTATION.md; contracts/field-rules.csv,full replacement oracle not implemented
F06,medium,reference/core.py; contracts/NORMALIZATION.md; review/adoption-input.json,original canary test,Keep unsupported raw values only in restricted originals; review holds safe pointers/opaque finding IDs and blockers.,test_F06,CORRECTION-SPEC.md §3,normalizer/review writer integration not implemented; no generic redaction guarantee
F07,high_for_wizard,wizard/wizard-state-machine.yaml; contracts/session-state.schema.json,original graph/provenance tests,Intersect valid saved progress and independently reverified receipts; prune invalidation dependencies; route partial mapping separately.,test_F07,contracts/session-state.schema.json; models/contract_model.py::resume_decision; contracts/SESSION-INTEGRATION.md,"decision model tested; real receipt store, state graph and native resume integration remain"
F08,medium,reference/approval.py; approval/evidence contracts,original approval mutation tests,Explicit complete cloud/principal/backend binding with independently recomputed source/config/plan input closure.,test_F08,contracts/approval-context.schema.json; models/contract_model.py::approval_mismatches,comparator model not wired; authentic approval/actual execution not established
F09,lower,reference/core.py::write_project/render_bash; tools/build-reference.py,original CLI and harmless Bash probes,Treat corrupt ownership metadata as exit4 conflict; reject assignment/reserved executable tokens and resolve trusted path.,test_F09,CORRECTION-SPEC.md §6; models/contract_model.py::validate_executable,original CLI/renderer not patched; native Windows/PowerShell not run
