requirement,source_or_skill,wizard_state_or_function,implementation,scenario,independent_assertion,execution_evidence,remaining_gap
provider lifecycle,pinned provider1.0.0 and prior repair,provider wizard,intune_iac/provider_execution.py,modeled-lifecycle plus native-smoke,immutable IDs; assignment tuples; plan hash; uncertainty,provider-execution,current full RPC blocked by AF_UNIX; no live Intune observation
opaque identity and explicit roles,Microsoft Entra client credentials / Graph self servicePrincipal,target authenticate,intune_iac/identity_binding.py,wrong principal/cloud/role/expiry and conditional state,fixed origins; exact expected principals; state ETag/revision,identity,live observations; other auth methods staged; full native credential linkage
approval and protected outcomes,OpenSSL3.0 and libsodium maintainer guidance,approval execute recovery,intune_iac/approval_authority.py,weak keys/replay/expiry/loadermismatch/forged journals,signature and private one-time/outcome records,approval,organizational signer/delivery and full host boundary
interactive provider recovery,locally authored contract,provider wizard,intune_iac/provider_journey.py,back/cancel/save/resume/unknown/reconcile,reconstruct artifact hashes and private outcome; no flags as authority,provider-execution; plugin_tests/test_provider_journey_v5.py,operator-provisioned admitted executor; not a claimed full live wizard
Azure Blob lease,Azure Lease Blob API2023-11-03,host lease context,intune_iac/blob_lease.py,lost acquire/renew/release; slow response; wrong target,"fixed backend role, lease UUID, deadline, no blind retry",leases,live Azure and native OpenTofu backend coordination
Atmos and adoption native lab,dsoxlab and existing reviewed local lab,adoption,scripts/qualify-adoption-lab.py,new native replay,"preoperation immutable IDs, exact plan and state checks",native-labs,local terraform_data does not qualify Graph
state locking native lab,pinned dsoxlab plaintext exercise,backend recovery,scripts/qualify-locking-lab.py,eight underlying upstream tests,actual local lock success/rejection,native-labs,one S3 questionnaire deselected; no Azure inference
Wally source repair,supplied Wally3.0.0,developer tooling,separate Wally scripts,original79 plus repaired regression suite,actual RED/GREEN fixtures; Node22/24,separate Wally evidence/resume-20261004,live host integrations and Windows/macOS
Wally controlled evaluation,locally authored preregistration,review and fixed downstream repair,separate Wally evals,24 TRAIN tasks; four controls; 96 scheduled trials,functional/metamorphic/structural controls; semanticUNKNOWN enforced,separate sealed wally-eval-20261004,zero modelcalls; no protectedholdout; semanticcalibration and benefit not established
